<?xml version="1.0"?>
<widgets xmlns:xsi="http://www.w3.org/2001/XMLSchema-instance" xsi:noNamespaceSchemaLocation="urn:magento:module:Magento_Widget:etc/widget.xsd">
    <widget id="yourmodule_bestsellers" class="Storepro\BestSellerlist\Block\Widget\Bestsellers" >
        <label translate="true">Best Selling Products</label>
        <description>Display best selling products in a widget.</description>
        <parameters>
            <parameter name="products_count" xsi:type="text" visible="true" sort_order="10">
                <label translate="true">Number of products to display</label>
                <description translate="true">Enter the number of products to display in the widget</description>
            </parameter>
        </parameters>

    </widget>
</widgets>